Time,Label
Logging Begins,554221728.303188
Logging Begins,554221731.166682
Logging Begins,554221731.168672
Logging Begins,554221732.678071
Logging Begins,554221732.679755
Logging Begins,554221734.182408
Logging Begins,554221734.184618
Logging Begins,554221742.039729
Note,554221763.357256
Note,554221810.340377
Note,554221832.649264
Note,554221874.226503
Note,554221916.657818
Note,554221962.869302
Note,554221993.504007
Note,554222050.057576
