Time,Label
Logging Begins,543007070.644537
Note,543007091.086661
Note,543007094.638670
Note,543007098.896450
Note,543007102.718307
Note,543007105.140202
Note,543007109.293829
Note,543007113.486130
Note,543007118.181879
Note,543007123.039703
Note,543007129.657445
Logging Ends,543007133.862150
