Time,Label
Logging Begins,546274143.267445
Note,546274208.853191
Note,546274221.345290
Note,546274241.002033
Note,546274245.150535
Note,546274257.260071
Note,546274288.493163
Note,546274298.026854
Logging Ends,546274307.299614
