Time,Label
Note,546540450.624228
Note,546540458.611451
Note,546540479.593862
Logging Begins,546540484.905612
Note,546540487.383699
Note,546540507.715086
Note,546540515.358897
Note,546540535.028345
Note,546540543.686088
Note,546540574.251243
Note,546540580.109011
Logging Ends,546540590.121216
