Time,Label
Logging Begins,542509937.980496
Note,542509960.949418
Note,542509972.287016
Logging Ends,542509980.801692
