Time,Label
Logging Begins,542162039.005590
Note,542162102.721603
Note,542162108.647371
Note,542162113.541302
Note,542162117.609064
Note,542162121.004663
Note,542162124.601020
Note,542162129.232659
Note,542162134.076677
Note,542162137.630263
Note,542162143.842590
Logging Ends,542162147.755958
