Time,Label
Logging Begins,542767274.389486
Note,542767280.581088
Note,542767284.187242
Note,542767288.894920
Note,542767292.893154
Note,542767298.526955
Note,542767302.578833
Note,542767312.130403
Note,542767318.160411
Note,542767324.270243
Note,542767328.816038
Logging Ends,542767331.000288
