Time,Label
Logging Begins,549470878.221985
Note,549470905.514298
Note,549470940.093370
Note,549470970.178276
Note,549471003.393289
Note,549471028.369953
Note,549471062.938996
Note,549471103.396199
Note,549471139.897357
Logging Ends,549471152.074450
