Time,Label
Logging Begins,551724997.028795
Note,551725010.817595
Note,551725015.439428
Note,551725033.818881
Note,551725051.420161
Note,551725075.961109
Note,551725078.705494
Note,551725085.053187
Note,551725099.718826
Note,551725107.692476
Note,551725122.558061
Note,551725145.395448
Note,551725161.612928
Note,551725176.970278
Note,551725191.377544
Logging Ends,551725201.745271
