Time,Label
Logging Begins,554331243.323207
Logging Begins,554331249.212875
Logging Begins,554331249.214790
Logging Begins,554331253.755736
Logging Begins,554331253.757078
Logging Begins,554331254.342856
Note,554331301.859319
Note,554331565.103508
Logging Ends,554331715.916308
