Time,Label
Logging Begins,551122613.725707
Note,551122648.830089
Note,551122657.125834
Note,551122664.457097
Note,551122691.219852
Note,551122711.127610
Note,551122736.346156
Note,551122740.320400
Note,551122747.241607
Note,551122768.339176
Note,551122781.248546
Note,551122822.920519
Note,551122860.517003
Logging Ends,551122865.537278
