Label,Time
Note,551122613.725707
Note,551122664.457097
Note,551122711.127610
Note,551122747.241607
Note,551122781.248546
Note,551122822.920519
Note,551122860.517003