Time,Label
Logging Begins,543007517.962105
Note,543007537.526952
Note,543007540.620978
Note,543007544.138942
Note,543007547.582505
Note,543007550.306685
Note,543007553.990907
Note,543007558.280277
Note,543007563.534371
Note,543007567.732232
Note,543007574.123873
Logging Ends,543007583.052262
