Time,Label
Logging Begins,546274382.280272
Note,546274404.589916
Note,546274407.445990
Note,546274442.264851
Note,546274446.398746
Note,546274454.416173
Note,546274475.007632
Note,546274484.919219
Note,546274492.227402
Logging Ends,546274495.018037
