Time,Label
Logging Begins,543006649.111071
Note,543006662.363670
Note,543006671.855340
Logging Ends,543006830.953785
