Time,Label
Logging Begins,542162537.931376
Note,542162587.513513
Note,542162593.555574
Note,542162595.759360
Note,542162601.421185
Note,542162603.681057
Note,542162609.404822
Note,542162611.286889
Note,542162617.276593
Note,542162619.568441
Note,542162626.432333
Logging Ends,542162630.454924
