Time,Label
Logging Begins,542162689.276948
Note,542162766.115633
Note,542162771.321486
Note,542162774.687612
Note,542162780.345185
Note,542162782.659060
Note,542162788.711288
Note,542162792.472696
Note,542162798.548391
Note,542162801.328779
Note,542162808.060470
Logging Ends,542162812.059641
