Time,Label
Logging Begins,546540971.403225
Note,546540985.188353
Note,546540991.884113
Note,546541005.293621
Note,546541013.719530
Note,546541032.512999
Note,546541042.722667
Logging Ends,546541053.213288
