Time,Label
Logging Begins,554907465.403835
Logging Begins,554907467.473905
Note,554907514.682924
Note,554907599.100721
Logging Ends,554907724.525747
