Time,Label
Logging Begins,554393411.844138
Logging Begins,554393424.089003
Note,554393465.939702
Note,554393959.169759
Logging Ends,554394077.691716
