Time,Label
Logging Begins,554905754.261800
Logging Begins,554905760.070131
Logging Begins,554905760.071698
Logging Begins,554905761.583004
Logging Begins,554905761.584492
Logging Begins,554905763.093150
Logging Begins,554905763.094695
Logging Begins,554905767.630616
Logging Begins,554905767.635032
Logging Begins,554905769.292298
Logging Ends,554907058.636631
