Time,Label
Logging Begins,554907132.642264
Logging Begins,554907143.103594
Logging Begins,554907143.104969
Logging Begins,554907143.544756
Note,554907210.606116
Note,554907328.860731
Logging Ends,554907345.947089
