Time,Label
Logging Begins,554914704.672634
Logging Begins,554914704.971824
Logging Begins,554914704.973043
Logging Begins,554914705.969061
Note,554914749.905871
Note,554915885.425633
Logging Ends,554915940.872645
