Time,Label
Logging Begins,543696648.407229
Note,543696679.110989
Note,543696682.320899
Note,543696687.270600
Note,543696690.452695
Note,543696696.376447
Note,543696699.970534
Note,543696714.181789
Note,543696718.193664
Note,543696721.143355
Note,543696726.167546
Logging Ends,543696734.314185
