Time,Label
Logging Begins,543007331.955536
Note,543007339.580389
Note,543007342.690493
Note,543007346.756397
Note,543007350.203551
Note,543007353.284173
Note,543007355.344023
Note,543007360.706006
Note,543007365.535530
Note,543007369.907670
Note,543007374.795382
Logging Ends,543007379.332122
