Time,Label
Logging Begins,542510140.630773
Note,542510156.388770
Note,542510161.448529
Note,542510167.200513
Note,542510172.326119
Note,542510177.260153
Note,542510183.118415
Note,542510187.462350
Note,542510195.141785
Note,542510202.726159
Note,542510210.753928
Logging Ends,542510214.000586
