Time,Label
Logging Begins,542162248.767316
Note,542162253.425042
Note,542162350.276142
Note,542162356.405909
Note,542162359.880069
Note,542162365.039413
Note,542162367.517287
Note,542162372.127664
Note,542162375.243523
Note,542162379.419416
Note,542162383.533157
Note,542162389.951329
Logging Ends,542162393.681623
