Time,Label
Logging Begins,543696023.988446
Logging Ends,543696386.599079
