Time,Label
Logging Begins,543695136.682065
Logging Ends,543695512.493000
