Time,Label
Logging Begins,543006567.368829
Note,543006573.326710
Note,543006577.520680
Note,543006581.496284
Note,543006585.202180
Note,543006589.936134
Note,543006594.100133
Note,543006598.444107
Note,543006603.689964
Note,543006608.223593
Note,543006617.235697
Logging Ends,543006620.393784
