Time,Label
Logging Begins,551728741.081329
Note,551728763.650685
Note,551728816.699173
Note,551728844.170122
Note,551728911.330316
Note,551728943.249193
Note,551728990.625586
Logging Ends,551729018.034040
