Time,Label
Logging Begins,542812184.805594
Note,542812199.084110
Note,542812204.070327
Note,542812211.040507
Note,542812216.056662
Note,542812223.028836
Note,542812228.828971
Note,542812235.377657
Note,542812242.391290
Note,542812248.311631
Note,542812255.883863
Logging Ends,542812259.069101
