Time,Label
Logging Begins,542812555.533359
Note,542812568.347357
Note,542812573.357543
Note,542812577.323556
Note,542812581.793915
Note,542812584.498073
Note,542812587.872128
Note,542812598.654179
Note,542812603.830382
Note,542812607.106526
Note,542812612.804680
Logging Ends,542812616.771680
