Time,Label
Logging Begins,543008947.351361
Note,543008954.713637
Note,543008957.335320
Note,543008962.928869
Note,543008965.969176
Note,543008971.930698
Note,543008975.962546
Note,543008982.706348
Note,543008986.990848
Note,543008993.742364
Note,543008998.588376
Logging Ends,543009003.735085
