Time,Label
Logging Begins,542812325.842083
Note,542812335.397513
Note,542812340.391643
Note,542812343.923706
Note,542812348.759920
Note,542812354.880147
Note,542812359.138229
Note,542812366.514239
Note,542812372.162497
Note,542812378.364755
Note,542812384.955056
Logging Ends,542812388.979573
