Time,Label
Logging Begins,543008516.843204
Note,543008523.505401
Note,543008527.335559
Note,543008529.703469
Note,543008532.953107
Note,543008534.559474
Note,543008537.801265
Note,543008543.425122
Note,543008546.975022
Note,543008555.742795
Note,543008561.182448
Logging Ends,543008565.036176
