Time,Label
Logging Begins,542812445.769036
Note,542812459.478240
Note,542812463.904213
Note,542812468.194468
Note,542812472.588560
Note,542812476.478784
Note,542812480.852908
Note,542812486.939000
Note,542812492.780875
Note,542812496.741398
Note,542812502.699744
Logging Ends,542812506.407884
