Time,Label
Logging Begins,543008639.311594
Note,543008650.316173
Note,543008653.535963
Note,543008660.751678
Note,543008663.659584
Note,543008670.131302
Note,543008672.957456
Note,543008679.249037
Note,543008683.870923
Note,543008689.374896
Note,543008694.662686
Logging Ends,543008702.585310
