Time,Label
Logging Begins,543008264.785859
Note,543008272.408953
Note,543008276.346419
Note,543008279.256813
Note,543008281.654542
Note,543008284.878520
Note,543008287.232476
Note,543008292.838023
Note,543008297.282067
Note,543008300.181958
Note,543008306.156252
Logging Ends,543008309.662583
